price,year,km,kw,Automat,Manuál,Benzín,Benzín+Plyn,Diesel,Elektro,Hybrid
14990.0,0.9230769230769232,0.4142525872902869,0.3723404255319149,1,0,0,0,1,0,0
14990.0,0.8974358974358975,0.3805451336509121,0.3723404255319149,0,1,0,0,1,0,0
13000.0,0.8205128205128205,0.5602579392785118,0.4521276595744681,0,1,0,0,1,0,0
2950.0,0.4358974358974359,0.4984514028939193,0.2393617021276596,0,1,0,0,1,0,0
15390.0,0.8974358974358975,0.373725812469812,0.2765957446808511,0,1,1,0,0,0,0
9990.0,0.8461538461538461,0.5144753197343692,0.2180851063829787,1,0,0,0,1,0,0
12290.0,0.9230769230769232,0.3633926752386991,0.2393617021276596,0,1,0,0,1,0,0
15490.0,0.9487179487179488,0.3337781877865706,0.2978723404255319,0,1,1,0,0,0,0
7000.0,0.7435897435897436,0.6093712443944905,0.3351063829787234,1,0,0,0,1,0,0
17000.0,0.9230769230769232,0.217460575441745,0.3723404255319149,1,0,0,0,1,0,0
12990.0,0.8717948717948718,0.495761673995701,0.2765957446808511,1,0,1,0,0,0,0
10990.0,0.7948717948717948,0.6156549089269241,0.2180851063829787,1,0,0,0,1,0,0
5300.0,0.717948717948718,0.4526687833497769,0.101063829787234,0,1,1,0,0,0,0
9000.0,0.8205128205128205,0.5694144631873402,0.2180851063829787,1,0,0,0,1,0,0
356.0,0.7948717948717948,0.7944108578060511,0.3723404255319149,0,1,0,0,1,0,0
2800.0,0.5897435897435898,0.3899900880628686,0.0797872340425532,0,1,1,0,0,0,0
3300.0,0.5641025641025641,0.6838710120476963,0.1968085106382978,0,1,0,0,1,0,0
3990.0,0.5641025641025641,0.3533250772009422,0.0797872340425532,0,1,1,0,0,0,0
4099.0,0.5897435897435898,0.5851018777741406,0.1968085106382978,1,0,0,0,1,0,0
4500.0,0.6153846153846154,0.6024924058079831,0.1968085106382978,0,1,0,0,1,0,0
4700.0,0.717948717948718,0.5190535816887835,0.1382978723404255,0,1,0,0,1,0,0
4999.0,0.6410256410256411,0.5076079268027479,0.1968085106382978,0,1,0,0,1,0,0
4999.0,0.6410256410256411,0.4567434364892056,0.1861702127659574,0,1,1,0,0,0,0
6200.0,0.6923076923076923,0.2947187459224854,0.101063829787234,0,1,1,0,0,0,0
6300.0,0.6923076923076923,0.3645372407273027,0.1968085106382978,0,1,0,0,1,0,0
6800.0,0.7692307692307693,0.5451290726501499,0.1968085106382978,0,1,0,0,1,0,0
6900.0,0.7435897435897436,0.4503796523725698,0.1968085106382978,1,0,0,0,1,0,0
6990.0,0.6923076923076923,0.326400318647032,0.1861702127659574,1,0,1,0,0,0,0
7000.0,0.7435897435897436,0.5991731658910328,0.3351063829787234,0,1,0,0,1,0,0
7500.0,0.7435897435897436,0.2556913518920812,0.1968085106382978,0,1,0,0,1,0,0
7500.0,0.6923076923076923,0.2242982096706627,0.4148936170212766,1,0,1,0,0,0,0
7750.0,0.5897435897435898,0.5893207461651333,0.5691489361702128,1,0,1,0,0,0,0
7900.0,0.7435897435897436,0.2992970078768996,0.4148936170212766,1,0,1,0,0,0,0
8200.0,0.8205128205128205,0.5121861887571622,0.2180851063829787,0,1,0,0,1,0,0
8800.0,0.7948717948717948,0.4016211625580581,0.1223404255319148,0,1,1,0,0,0,0
9499.0,0.7948717948717948,0.5336239003587068,0.3723404255319149,1,0,0,0,1,0,0
9800.0,0.7948717948717948,0.2915711908288256,0.1223404255319148,0,1,1,0,0,0,0
9999.0,0.7948717948717948,0.2610410509858142,0.3351063829787234,0,1,1,0,0,0,0
10400.0,0.8461538461538461,0.5144753197343692,0.2180851063829787,0,1,0,0,1,0,0
10900.0,0.8461538461538461,0.6701362261844536,0.5053191489361702,1,0,0,0,1,0,0
11490.0,0.8205128205128205,0.2164235991090702,0.1968085106382978,1,0,0,0,1,0,0
11500.0,0.8717948717948718,0.6060405588226542,0.5053191489361702,1,0,0,0,1,0,0
11500.0,0.8717948717948718,0.1917078519481649,0.1223404255319148,0,1,1,0,0,0,0
11999.0,0.9230769230769232,0.4017585104166905,0.2393617021276596,0,1,0,0,1,0,0
12850.0,0.8461538461538461,0.4274883426004985,0.3723404255319149,0,1,0,0,1,0,0
13200.0,0.8717948717948718,0.4801383550762624,0.3723404255319149,0,1,0,0,1,0,0
13490.0,0.8461538461538461,0.5556796773240974,0.5053191489361702,1,0,0,0,1,0,0
13490.0,0.6153846153846154,0.4084885554896794,0.7659574468085106,1,0,1,0,0,0,0
13795.0,0.8717948717948718,0.4343557355321199,0.5053191489361702,0,1,0,0,1,0,0
13990.0,0.9230769230769232,0.3954405089195988,0.2393617021276596,0,1,0,0,1,0,0
13999.0,0.9487179487179488,0.3427607377411313,0.2393617021276596,0,1,0,0,1,0,0
14390.0,0.8461538461538461,0.5190535816887835,0.3723404255319149,0,1,0,0,1,0,0
14490.0,0.7435897435897436,0.5437807745045748,0.8457446808510638,1,0,1,0,0,0,0
14499.0,0.8974358974358975,0.3595446460660139,0.3723404255319149,1,0,0,0,1,0,0
14499.0,0.8974358974358975,0.2830441779387291,0.2393617021276596,1,0,0,0,1,0,0
15390.0,0.9230769230769232,0.2811625122754648,0.2393617021276596,1,0,0,0,1,0,0
16550.0,0.8974358974358975,0.3121161413492596,0.3723404255319149,1,0,0,0,1,0,0
16999.0,0.8974358974358975,0.3686576764862755,0.3723404255319149,1,0,0,0,1,0,0
17390.0,0.8974358974358975,0.3037425002346359,0.3723404255319149,0,1,0,0,1,0,0
17490.0,0.9487179487179488,0.397729639896806,0.3723404255319149,1,0,1,0,0,0,0
17499.0,0.9487179487179488,0.2232818355167827,0.2978723404255319,0,1,1,0,0,0,0
17500.0,0.9487179487179488,0.3633926752386991,0.3723404255319149,1,0,0,0,1,0,0
17790.0,0.9230769230769232,0.2867067875022605,0.5053191489361702,1,0,0,0,1,0,0
17999.0,0.9487179487179488,0.2718274361504142,0.3723404255319149,1,0,0,0,1,0,0
19500.0,0.9487179487179488,0.3405013654666279,0.3723404255319149,1,0,0,0,1,0,0
19999.0,0.8974358974358975,0.2168882926974432,0.3723404255319149,0,1,0,0,1,0,0
23999.0,0.8974358974358975,0.0891318928595137,0.3723404255319149,1,0,0,0,0,0,1
24900.0,0.8974358974358975,0.10299487005748,0.6861702127659575,0,1,1,0,0,0,0
450.0,0.3333333333333333,0.6838710120476963,0.0797872340425532,0,1,1,0,0,0,0
550.0,0.3333333333333333,0.6289318685947254,0.1382978723404255,0,1,1,0,0,0,0
600.0,0.4615384615384615,0.9251705974860764,0.2393617021276596,0,1,0,0,1,0,0
690.0,0.3333333333333333,0.4323710589748814,0.0797872340425532,0,1,1,0,0,0,0
999.0,0.5641025641025641,0.8387673487513935,0.0797872340425532,0,1,1,0,0,0,0
1000.0,0.4871794871794871,0.7451441809145994,0.1968085106382978,0,1,1,0,0,0,0
1095.0,0.5384615384615384,0.6104517142157323,0.0797872340425532,0,1,1,0,0,0,0
1200.0,0.4358974358974359,0.4737745709596266,0.1808510638297872,0,1,1,0,0,0,0
1298.0,0.4358974358974359,0.4447163423349594,0.0797872340425532,0,1,1,0,0,0,0
1300.0,0.5897435897435898,0.5257996506786129,0.0797872340425532,0,1,1,0,0,0,0
1300.0,0.3846153846153846,0.5213427126659906,0.2180851063829787,0,1,0,0,1,0,0
1320.0,0.4615384615384615,0.5326899349200063,0.1808510638297872,0,1,1,0,0,0,0
1360.0,0.4102564102564102,0.75254494136391,0.2180851063829787,0,1,0,0,1,0,0
1396.0,0.4871794871794871,0.7845927750448097,0.2393617021276596,0,1,0,0,1,0,0
1500.0,0.3333333333333333,0.3140390113701136,0.0797872340425532,0,1,1,0,0,0,0
1500.0,0.4615384615384615,0.6243536066403111,0.1382978723404255,0,1,0,0,1,0,0
1500.0,0.4358974358974359,0.0,0.1808510638297872,1,0,1,0,0,0,0
1600.0,0.5641025641025641,0.5030296648483337,0.2180851063829787,0,1,1,0,0,0,0
1623.0,0.4615384615384615,0.4730809642735328,0.1808510638297872,0,1,1,0,0,0,0
1650.0,0.5128205128205128,0.4531746812957397,0.0797872340425532,0,1,1,0,0,0,0
1690.0,0.4871794871794871,0.7360631983280187,0.0531914893617021,0,1,0,0,1,0,0
1700.0,0.4871794871794871,0.5301375538804204,0.1808510638297872,0,1,0,0,1,0,0
1700.0,0.4358974358974359,0.4935984452222403,0.1808510638297872,0,1,1,0,0,0,0
1596.0,0.358974358974359,0.6701362261844536,0.1382978723404255,0,1,1,0,0,0,0
1599.0,0.4358974358974359,0.3851439977841212,0.0797872340425532,0,1,1,0,0,0,0
1599.0,0.4871794871794871,0.3778233569190128,0.0797872340425532,0,1,1,0,0,0,0
1800.0,0.4871794871794871,0.937964550517687,0.1808510638297872,0,1,0,0,1,0,0
1800.0,0.4615384615384615,0.6632688332528323,0.2393617021276596,0,1,0,0,1,0,0
1800.0,0.4358974358974359,0.7173335286725101,0.1808510638297872,0,1,1,0,0,0,0
1900.0,0.6153846153846154,0.6747144881388678,0.1968085106382978,0,1,0,0,1,0,0
1906.0,0.5384615384615384,0.5655801688005183,0.1968085106382978,0,1,1,0,0,0,0
1999.0,0.5128205128205128,0.4435122594409484,0.1968085106382978,0,1,1,0,0,0,0
1999.0,0.3333333333333333,0.2590517961666213,0.0797872340425532,0,1,1,0,0,0,0
2000.0,0.5641025641025641,0.7933395445087181,0.1968085106382978,0,1,0,0,1,0,0
1920.0,0.6153846153846154,0.7704001629861256,0.1808510638297872,0,1,0,0,1,0,0
1960.0,0.4871794871794871,0.7388101555006673,0.1808510638297872,0,1,0,0,1,0,0
1960.0,0.4615384615384615,0.3222203654826518,0.0797872340425532,0,1,1,0,0,0,0
1996.0,0.2307692307692307,0.3601878918706092,0.0,0,1,1,0,0,0,0
2199.0,0.5128205128205128,0.580354220127413,0.0797872340425532,0,1,1,0,0,0,0
2200.0,0.3846153846153846,0.488379226594208,0.1808510638297872,0,1,1,0,0,0,0
2231.0,0.5897435897435898,0.3415474983232116,0.0797872340425532,0,1,1,0,0,0,0
2290.0,0.5384615384615384,0.3776699851435399,0.0797872340425532,0,1,1,0,0,0,0
2300.0,0.5641025641025641,0.5736424881022417,0.0797872340425532,0,1,1,0,0,0,0
2300.0,0.5897435897435898,0.6676364951573435,0.1382978723404255,0,1,0,0,1,0,0
2196.0,0.4871794871794871,0.5785732762271459,0.1808510638297872,0,1,0,0,1,0,0
2196.0,0.5641025641025641,0.4638855251380918,0.2393617021276596,0,1,1,0,0,0,0
2348.0,0.5897435897435898,0.5543657161431805,0.2393617021276596,0,1,1,0,0,0,0
2390.0,0.5128205128205128,0.7905445155855483,0.2180851063829787,0,1,0,0,1,0,0
2390.0,0.4615384615384615,0.7319427625690459,0.2393617021276596,0,1,0,0,1,0,0
2434.0,0.5897435897435898,0.5456189466792721,0.1968085106382978,0,1,0,0,1,0,0
2311.0,0.5641025641025641,0.5765107692166823,0.2393617021276596,0,1,1,0,0,0,0
2490.0,0.6153846153846154,0.5145645958424803,0.0797872340425532,0,1,1,0,0,0,0
2500.0,0.6153846153846154,0.5093453772144481,0.0797872340425532,0,1,1,0,0,0,0
2500.0,0.5128205128205128,0.7960384299308454,0.2180851063829787,0,1,0,0,1,0,0
2360.0,0.4102564102564102,0.6197753446858969,0.1382978723404255,0,1,0,0,1,0,0
2360.0,0.4615384615384615,0.4925912275922691,0.2180851063829787,0,1,0,0,1,0,0
2550.0,0.5641025641025641,0.8692906212014733,0.1968085106382978,0,1,0,0,1,0,0
2396.0,0.6153846153846154,0.7250753696374246,0.1968085106382978,0,1,0,0,1,0,0
2396.0,0.717948717948718,0.4114644257600487,0.1968085106382978,0,1,0,0,1,0,0
2396.0,0.4102564102564102,0.5373666295064404,0.3723404255319149,0,1,1,0,0,0,0
2600.0,0.6153846153846154,0.6663362687622898,0.0797872340425532,0,1,1,0,0,0,0
2600.0,0.6153846153846154,0.7585928254056913,0.3351063829787234,1,0,0,0,1,0,0
2600.0,0.6666666666666666,0.8639477895006719,0.1968085106382978,0,1,0,0,1,0,0
2600.0,0.6153846153846154,0.7585928254056913,0.3351063829787234,1,0,0,0,1,0,0
2650.0,0.4615384615384615,0.5675831584055745,0.1382978723404255,0,1,0,0,1,0,0
2690.0,0.5384615384615384,0.6476043099758039,0.1968085106382978,0,1,0,0,1,0,0
2700.0,0.5641025641025641,0.5304992365748191,0.1968085106382978,0,1,0,0,1,0,0
2700.0,0.4102564102564102,0.5717035941645473,0.3723404255319149,0,1,1,0,0,0,0
2700.0,0.6153846153846154,0.5847516407346279,0.1382978723404255,0,1,0,0,1,0,0
2556.0,0.4615384615384615,0.4735113208972478,0.1382978723404255,0,1,0,0,1,0,0
2599.0,0.6153846153846154,0.645871437826058,0.0797872340425532,0,1,0,1,0,0,0
2600.0,0.4358974358974359,0.545296179211486,0.1382978723404255,0,1,0,0,1,0,0
2600.0,0.5384615384615384,0.3293258280359027,0.1968085106382978,0,1,1,0,0,0,0
2790.0,0.4102564102564102,0.4453435642227141,0.1808510638297872,0,1,1,0,0,0,0
2800.0,0.5641025641025641,0.4663738105103159,0.0797872340425532,0,1,1,0,0,0,0
2800.0,0.6153846153846154,0.5635382639688495,0.0797872340425532,0,1,1,0,0,0,0
2839.0,0.5384615384615384,0.5092126076177701,0.1808510638297872,0,1,0,0,1,0,0
2850.0,0.5384615384615384,0.5694144631873402,0.1968085106382978,0,1,1,0,0,0,0
2899.0,0.5641025641025641,0.5881853372004386,0.0797872340425532,0,1,1,0,0,0,0
2900.0,0.5128205128205128,0.1367687084951939,0.2978723404255319,0,1,0,0,1,0,0
2720.0,0.5897435897435898,0.679292750093282,0.1808510638297872,0,1,0,0,1,0,0
2720.0,0.5384615384615384,0.3942501608114511,0.1968085106382978,0,1,1,0,0,0,0
2760.0,0.7692307692307693,0.6907384049793177,0.1968085106382978,0,1,0,0,1,0,0
2760.0,0.5641025641025641,0.4304916824425943,0.1808510638297872,0,1,0,0,1,0,0
2760.0,0.5384615384615384,0.6174862137086897,0.0531914893617021,0,1,0,0,1,0,0
2946.0,0.5641025641025641,0.2923815431947569,0.0797872340425532,0,1,1,0,0,0,0
2960.0,0.6410256410256411,0.6151970827314827,0.1968085106382978,0,1,0,0,1,0,0
2989.0,0.6153846153846154,0.4680975261361529,0.0797872340425532,0,1,1,0,0,0,0
2999.0,0.6666666666666666,0.8287409550712264,0.1968085106382978,0,1,0,0,1,0,0
2999.0,0.5641025641025641,0.528210105597612,0.1382978723404255,0,1,1,0,0,0,0
2999.0,0.6410256410256411,0.7053339040899903,0.1382978723404255,0,1,0,0,1,0,0
3900.0,0.5897435897435898,0.6518231783667966,0.1382978723404255,0,1,0,0,1,0,0
3900.0,0.6153846153846154,0.5974563176581275,0.1968085106382978,1,0,0,0,1,0,0
3990.0,0.358974358974359,0.5193030969652991,0.0797872340425532,0,1,1,0,0,0,0
3990.0,0.6410256410256411,0.6266198463077461,0.1382978723404255,0,1,0,0,1,0,0
3990.0,0.5641025641025641,0.3015861388541068,0.0797872340425532,0,1,1,0,0,0,0
3990.0,0.5897435897435898,0.5589165085258683,0.1382978723404255,0,1,0,0,1,0,0
3990.0,0.6153846153846154,0.614858291346856,0.0797872340425532,0,1,1,0,0,0,0
3999.0,0.6410256410256411,0.6268190007027632,0.2659574468085106,0,1,1,0,0,0,0
3999.0,0.5641025641025641,0.4057415983170309,0.1382978723404255,0,1,0,0,1,0,0
4000.0,0.6666666666666666,0.5572362863885983,0.1968085106382978,0,1,0,0,1,0,0
4000.0,0.5641025641025641,0.3208926695158717,0.1861702127659574,0,1,1,0,0,0,0
4000.0,0.5641025641025641,0.4755600931218481,0.3351063829787234,1,0,0,0,1,0,0
4000.0,0.4871794871794871,0.3647661538250234,0.1808510638297872,0,1,0,0,1,0,0
3800.0,0.6153846153846154,0.603751427845447,0.1968085106382978,0,1,0,0,1,0,0
4056.0,0.6666666666666666,0.3015563801514031,0.101063829787234,0,1,1,0,0,0,0
4056.0,0.6410256410256411,0.2540477558504465,0.101063829787234,0,1,1,0,0,0,0
4100.0,0.6410256410256411,0.3588144132842848,0.1861702127659574,0,1,1,0,0,0,0
4199.0,0.5897435897435898,0.3450796274210421,0.1861702127659574,0,1,1,0,0,0,0
4200.0,0.717948717948718,0.4288618211868228,0.1968085106382978,0,1,1,0,0,0,0
4200.0,0.6666666666666666,0.4116681584170201,0.1968085106382978,0,1,0,0,1,0,0
4200.0,0.6410256410256411,1.0,0.1968085106382978,1,0,0,0,1,0,0
3960.0,0.5897435897435898,0.4569494582771542,0.1968085106382978,0,1,0,0,1,0,0
3996.0,0.5897435897435898,0.4333004461516274,0.3723404255319149,0,1,1,0,0,0,0
3996.0,0.6410256410256411,0.5373666295064404,0.1968085106382978,0,1,0,0,1,0,0
3999.0,0.5641025641025641,0.3798171900001602,0.1382978723404255,0,1,1,0,0,0,0
4269.0,0.5897435897435898,0.2383076912511703,0.1968085106382978,0,1,0,0,1,0,0
4269.0,0.6410256410256411,0.4262499227418295,0.1968085106382978,0,1,0,0,1,0,0
4290.0,0.6410256410256411,0.491584009962298,0.1861702127659574,0,1,0,1,0,0,0
4300.0,0.6666666666666666,0.8120623467712952,0.1968085106382978,0,1,0,0,1,0,0
4300.0,0.5897435897435898,0.3330708463146136,0.1861702127659574,0,1,1,0,0,0,0
4300.0,0.6666666666666666,0.4594743697450137,0.101063829787234,0,1,1,0,0,0,0
4300.0,0.6923076923076923,0.6690305759224625,0.1968085106382978,0,1,0,0,1,0,0
4300.0,0.6153846153846154,0.3412819591298555,0.2393617021276596,1,0,1,0,0,0,0
4390.0,0.6153846153846154,0.4364823382099453,0.3351063829787234,0,1,0,0,1,0,0
4390.0,0.6153846153846154,0.4303428889290758,0.4521276595744681,0,1,0,0,1,0,0
4390.0,0.6923076923076923,0.5400678040595449,0.1382978723404255,0,1,0,0,1,0,0
4120.0,0.6410256410256411,0.3970429006036438,0.3351063829787234,0,1,0,0,1,0,0
4400.0,0.7435897435897436,0.611763386265672,0.2659574468085106,0,1,1,0,0,0,0
4400.0,0.5897435897435898,0.3535494120367085,0.0797872340425532,0,1,1,0,0,0,0
4440.0,0.6410256410256411,0.3725606448024137,0.101063829787234,0,1,1,0,0,0,0
4483.0,0.6153846153846154,0.2447905101786208,0.0797872340425532,0,1,1,0,0,0,0
4483.0,0.6410256410256411,0.3382397040611473,0.101063829787234,0,1,1,0,0,0,0
4490.0,0.6666666666666666,0.5808601180733758,0.1968085106382978,1,0,0,0,1,0,0
4490.0,0.5384615384615384,0.621489903787825,0.3723404255319149,0,1,1,0,0,0,0
4490.0,0.4615384615384615,0.4742919145604754,0.2393617021276596,1,0,1,0,0,0,0
4499.0,0.6923076923076923,0.64405844609211,0.1382978723404255,0,1,0,0,1,0,0
4500.0,0.3846153846153846,0.5001613837338931,0.1382978723404255,0,1,0,0,1,0,0
4500.0,0.5641025641025641,0.4778492240990553,0.3351063829787234,0,1,0,0,1,0,0
4500.0,0.5128205128205128,0.2603817812643786,0.1861702127659574,1,0,1,0,0,0,0
4583.0,0.6410256410256411,0.3299782303644067,0.1861702127659574,0,1,1,0,0,0,0
4590.0,0.5641025641025641,0.3748383301247347,0.0797872340425532,0,1,1,0,0,0,0
4600.0,0.6153846153846154,0.3997898577762924,0.0797872340425532,0,1,1,0,0,0,0
4650.0,0.6666666666666666,0.5490411974901968,0.1968085106382978,0,1,0,0,1,0,0
4360.0,0.717948717948718,0.4603144808136487,0.1968085106382978,0,1,1,0,0,0,0
4654.0,0.6410256410256411,0.4162395529785028,0.1861702127659574,0,1,1,0,0,0,0
4690.0,0.5641025641025641,0.5450947356854917,0.3351063829787234,0,1,0,0,1,0,0
4396.0,0.6410256410256411,0.53221150654577,0.1861702127659574,0,1,1,0,0,0,0
4396.0,0.6153846153846154,0.4537080488134289,0.1968085106382978,0,1,0,0,1,0,0
4396.0,0.6153846153846154,0.5424027176562961,0.1968085106382978,0,1,0,0,1,0,0
4399.0,0.6410256410256411,0.6049417759535948,0.1968085106382978,0,1,0,0,1,0,0
4696.0,0.6153846153846154,0.3601947592635408,0.1861702127659574,0,1,1,0,0,0,0
4696.0,0.6153846153846154,0.3421655636870575,0.0797872340425532,0,1,1,0,0,0,0
4700.0,0.6410256410256411,0.5125661844993785,0.1968085106382978,0,1,0,0,1,0,0
4700.0,0.6666666666666666,0.4128607956561451,0.101063829787234,0,1,1,0,0,0,0
4700.0,0.5897435897435898,0.541418391336097,0.1968085106382978,0,1,0,0,1,0,0
4700.0,0.6923076923076923,0.4513181960732247,0.2659574468085106,0,1,1,0,0,0,0
4700.0,0.6666666666666666,0.4412231284637413,0.1382978723404255,0,1,0,0,1,0,0
4790.0,0.5897435897435898,0.3066451183137345,0.0797872340425532,0,1,1,0,0,0,0
4800.0,0.717948717948718,0.658690571298418,0.1968085106382978,0,1,0,0,1,0,0
4800.0,0.3333333333333333,0.2260448166062717,0.1382978723404255,1,0,1,0,0,0,0
4800.0,0.6410256410256411,0.4099307080053199,0.1968085106382978,0,1,0,0,1,0,0
4826.0,0.6923076923076923,0.4102008254606303,0.101063829787234,0,1,1,0,0,0,0
4850.0,0.6153846153846154,0.5671253322101331,0.1968085106382978,0,1,0,0,1,0,0
4890.0,0.6410256410256411,0.4649293688636983,0.1861702127659574,0,1,1,0,0,0,0
4890.0,0.5641025641025641,0.3290557105805923,0.0797872340425532,0,1,1,0,0,0,0
4890.0,0.6153846153846154,0.3908622469651846,0.0797872340425532,0,1,1,0,0,0,0
4890.0,0.6410256410256411,0.3275334384807495,0.0797872340425532,0,1,1,0,0,0,0
4890.0,0.6410256410256411,0.3692253809686229,0.1861702127659574,0,1,1,0,0,0,0
4900.0,0.5897435897435898,0.4058675005207773,0.1968085106382978,0,1,0,0,1,0,0
4900.0,0.7692307692307693,0.7319427625690459,0.1968085106382978,0,1,0,0,1,0,0
4599.0,0.7692307692307693,0.3603160832053327,0.1223404255319148,0,1,1,0,0,0,0
4950.0,0.7435897435897436,0.7319427625690459,0.1968085106382978,0,1,0,0,1,0,0
4990.0,0.5641025641025641,0.5725665965429544,0.3351063829787234,0,1,0,0,1,0,0
4990.0,0.5641025641025641,0.5991731658910328,0.3351063829787234,1,0,0,0,1,0,0
4990.0,0.6153846153846154,0.3756830194553242,0.1382978723404255,0,1,0,0,1,0,0
4990.0,0.6923076923076923,0.4328563547420492,0.101063829787234,0,1,1,0,0,0,0
4990.0,0.6410256410256411,0.4124258607704757,0.1968085106382978,1,0,0,0,1,0,0
4999.0,0.6153846153846154,0.5698219285012831,0.1968085106382978,0,1,0,0,1,0,0
4999.0,0.6410256410256411,0.3542361513298706,0.2659574468085106,0,1,1,0,0,0,0
5000.0,0.6410256410256411,0.5848844103313059,0.1861702127659574,0,1,1,0,0,0,0
5000.0,0.6410256410256411,0.4209711867083899,0.3351063829787234,0,1,0,0,1,0,0
5000.0,0.6153846153846154,0.3332104833042232,0.1968085106382978,0,1,0,0,1,0,0
5000.0,0.6410256410256411,0.3660503563032366,0.3351063829787234,1,0,1,0,0,0,0
5000.0,0.6923076923076923,0.5336124547038208,0.101063829787234,0,1,1,0,0,0,0
4760.0,0.6153846153846154,0.4285413428500138,0.1968085106382978,0,1,0,0,1,0,0
4760.0,0.6410256410256411,0.5607409459147024,0.3351063829787234,0,1,0,0,1,0,0
4760.0,0.6666666666666666,0.5507649131160337,0.1968085106382978,1,0,0,0,1,0,0
4760.0,0.717948717948718,0.8170091588130398,0.3351063829787234,0,1,0,0,1,0,0
5100.0,0.6666666666666666,0.2718274361504142,0.1861702127659574,0,1,1,0,0,0,0
4796.0,0.6410256410256411,0.3450796274210421,0.101063829787234,0,1,1,0,0,0,0
4796.0,0.6410256410256411,0.5094392315845135,0.1861702127659574,0,1,1,0,0,0,0
4799.0,0.6923076923076923,0.431228782617255,0.101063829787234,0,1,1,0,0,0,0
5123.0,0.5897435897435898,0.5008366773721692,0.3723404255319149,0,1,1,0,0,0,0
5200.0,0.6666666666666666,0.4256570378187329,0.1382978723404255,0,1,0,0,1,0,0
5200.0,0.6923076923076923,0.5329783654231344,0.1968085106382978,0,1,0,0,1,0,0
5200.0,0.6923076923076923,0.2814372079927297,0.101063829787234,0,1,1,0,0,0,0
5200.0,0.7692307692307693,0.4357292141184442,0.1968085106382978,0,1,1,0,0,0,0
5200.0,0.6923076923076923,0.4268244946171085,0.1968085106382978,0,1,0,0,1,0,0
5200.0,0.6923076923076923,0.457212708339533,0.2659574468085106,1,0,1,0,0,0,0
5272.0,0.6923076923076923,0.3331830137324967,0.3351063829787234,0,1,0,0,1,0,0
5300.0,0.6666666666666666,0.343099529125758,0.101063829787234,0,1,1,0,0,0,0
5300.0,0.6153846153846154,0.5801459092084872,0.4521276595744681,1,0,0,0,1,0,0
5300.0,0.7435897435897436,0.6701362261844536,0.1968085106382978,0,1,0,0,1,0,0
5337.0,0.6666666666666666,0.3203799041769773,0.1861702127659574,0,1,1,0,0,0,0
5390.0,0.6410256410256411,0.470066178776551,0.1968085106382978,0,1,0,0,1,0,0
5399.0,0.6410256410256411,0.6154168393052946,0.1968085106382978,0,1,0,0,1,0,0
5490.0,0.6666666666666666,0.4485483475908041,0.1382978723404255,0,1,0,0,1,0,0
5490.0,0.6410256410256411,0.3792723768275849,0.1968085106382978,0,1,0,0,1,0,0
5490.0,0.717948717948718,0.5219584888988593,0.1968085106382978,0,1,0,0,1,0,0
5490.0,0.6410256410256411,0.4165508747914029,0.1968085106382978,0,1,0,0,1,0,0
5499.0,0.5641025641025641,0.5556728099311659,0.3351063829787234,0,1,0,0,1,0,0
5500.0,0.717948717948718,0.5220088497803579,0.1968085106382978,0,1,1,0,0,0,0
5160.0,0.6410256410256411,0.4137535567372558,0.1968085106382978,0,1,0,0,1,0,0
5160.0,0.6153846153846154,0.3517524442196009,0.2393617021276596,0,1,1,0,0,0,0
5160.0,0.6666666666666666,0.3343207118281687,0.1968085106382978,0,1,0,0,1,0,0
5160.0,0.6410256410256411,0.2809839600592427,0.1861702127659574,0,1,1,0,0,0,0
5507.0,0.6923076923076923,0.4075614574439106,0.101063829787234,0,1,1,0,0,0,0
5196.0,0.5897435897435898,0.4191398819266242,0.1968085106382978,0,1,0,0,1,0,0
5196.0,0.6666666666666666,0.4140992155148141,0.1968085106382978,0,1,0,0,1,0,0
5550.0,0.717948717948718,0.3125464979729745,0.1223404255319148,0,1,1,0,0,0,0
5550.0,0.6153846153846154,0.2910172211323415,0.101063829787234,0,1,1,0,0,0,0
5550.0,0.6153846153846154,0.4206209496688772,0.1861702127659574,0,1,0,1,0,0,0
5550.0,0.6666666666666666,0.3300102781980876,0.2659574468085106,0,1,1,0,0,0,0
5550.0,0.6410256410256411,0.3493030740739893,0.101063829787234,0,1,1,0,0,0,0
5550.0,0.6923076923076923,0.4930788124904142,0.2180851063829787,0,1,0,0,1,0,0
5550.0,0.5641025641025641,0.3718555924614338,0.3351063829787234,0,1,0,0,1,0,0
5590.0,0.5641025641025641,0.2975412444173818,0.1968085106382978,0,1,0,0,1,0,0
5600.0,0.6153846153846154,0.3069678857815208,0.1968085106382978,1,0,0,0,1,0,0
5650.0,0.6923076923076923,0.2438473882160115,0.101063829787234,0,1,1,0,0,0,0
5678.0,0.7435897435897436,0.4282025514653872,0.2659574468085106,0,1,1,0,0,0,0
5678.0,0.7435897435897436,0.3801124878962199,0.1968085106382978,0,1,0,0,1,0,0
5690.0,0.7435897435897436,0.4068861638056344,0.1968085106382978,0,1,0,0,1,0,0
5699.0,0.6923076923076923,0.6229228997795567,0.2180851063829787,0,1,0,0,1,0,0
5700.0,0.7692307692307693,0.640377523480761,0.1968085106382978,0,1,1,0,0,0,0
5700.0,0.7435897435897436,0.3006750647251783,0.1968085106382978,0,1,1,0,0,0,0
5700.0,0.717948717948718,0.4723690445396214,0.1968085106382978,0,1,1,0,0,0,0
5700.0,0.6410256410256411,0.3054776615153589,0.1968085106382978,0,1,0,0,1,0,0
5396.0,0.6923076923076923,0.32795921684251,0.101063829787234,0,1,1,0,0,0,0
5396.0,0.6923076923076923,0.2895384425210657,0.2659574468085106,0,1,1,0,0,0,0
5400.0,0.6923076923076923,0.3018219193447591,0.2180851063829787,1,0,0,0,1,0,0
5764.0,0.5897435897435898,0.2265186667185536,0.1861702127659574,0,1,1,0,0,0,0
5764.0,0.5897435897435898,0.3443516837702903,0.1861702127659574,1,0,1,0,0,0,0
5764.0,0.6410256410256411,0.385649895730084,0.2393617021276596,0,1,1,0,0,0,0
5764.0,0.6153846153846154,0.341884000576861,0.2393617021276596,0,1,1,0,0,0,0
5799.0,0.6923076923076923,0.4234365807708419,0.1968085106382978,0,1,0,0,1,0,0
5799.0,0.6923076923076923,0.3303261782729422,0.101063829787234,0,1,1,0,0,0,0
5800.0,0.6923076923076923,0.5339329330406298,0.1968085106382978,0,1,0,0,1,0,0
5800.0,0.7435897435897436,0.6694609325461774,0.1382978723404255,0,1,0,0,1,0,0
5800.0,0.6923076923076923,0.4664813996662447,0.1861702127659574,0,1,1,0,0,0,0
5436.0,0.6153846153846154,0.5195961057303816,0.1968085106382978,0,1,0,0,1,0,0
5440.0,0.6923076923076923,0.4641144382358125,0.1968085106382978,0,1,0,0,1,0,0
5849.0,0.6923076923076923,0.4488207541770918,0.2659574468085106,0,1,1,0,0,0,0
5900.0,0.6923076923076923,0.4177664033402999,0.4148936170212766,1,0,1,0,0,0,0
5900.0,0.717948717948718,0.4396207367796963,0.1968085106382978,0,1,0,0,1,0,0
5900.0,0.717948717948718,0.4435122594409484,0.1968085106382978,0,1,0,0,1,0,0
5900.0,0.7692307692307693,0.5499568498810796,0.1968085106382978,0,1,0,0,1,0,0
5560.0,0.6153846153846154,0.494678915043482,0.5691489361702128,0,1,1,0,0,0,0
5938.0,0.6410256410256411,0.3472405670635257,0.1968085106382978,0,1,0,0,1,0,0
5596.0,0.6410256410256411,0.3302872630463297,0.101063829787234,1,0,1,0,0,0,0
5599.0,0.6923076923076923,0.4101229950074053,0.101063829787234,0,1,1,0,0,0,0
5977.0,0.6666666666666666,0.3428660377660829,0.1861702127659574,0,1,1,0,0,0,0
5977.0,0.6923076923076923,0.3973175963209087,0.2659574468085106,0,1,1,0,0,0,0
5990.0,0.6410256410256411,0.2558035193099643,0.3351063829787234,1,0,1,0,0,0,0
5990.0,0.6923076923076923,0.409633120978283,0.1382978723404255,0,1,0,0,1,0,0
5990.0,0.6666666666666666,0.528210105597612,0.1968085106382978,0,1,0,0,1,0,0
5990.0,0.717948717948718,0.4618253072586054,0.101063829787234,0,1,1,0,0,0,0
5990.0,0.6410256410256411,0.5556796773240974,0.5691489361702128,0,1,1,0,0,0,0
5990.0,0.6666666666666666,0.3655971083697495,0.1861702127659574,0,1,0,1,0,0,0
5999.0,0.6923076923076923,0.5341755809242137,0.1968085106382978,0,1,0,0,1,0,0
6000.0,0.6410256410256411,0.3483874216831064,0.1968085106382978,0,1,0,0,1,0,0
6000.0,0.717948717948718,0.442292152630097,0.1968085106382978,0,1,0,0,1,0,0
6100.0,0.7692307692307693,0.5339329330406298,0.1968085106382978,0,1,0,0,1,0,0
6100.0,0.6666666666666666,0.2328069095129416,0.1861702127659574,0,1,1,0,0,0,0
6111.0,0.717948717948718,0.5011731796258186,0.1968085106382978,0,1,0,0,1,0,0
6143.0,0.6666666666666666,0.3202723150210486,0.101063829787234,0,1,1,0,0,0,0
5796.0,0.717948717948718,0.3425638724770915,0.1968085106382978,0,1,1,0,0,0,0
5796.0,0.6923076923076923,0.3623991923945912,0.1968085106382978,0,1,0,0,1,0,0
5796.0,0.717948717948718,0.3425867637868636,0.1968085106382978,0,1,1,0,0,0,0
6190.0,0.6153846153846154,0.2513511595592965,0.1861702127659574,0,1,1,0,0,0,0
6200.0,0.6923076923076923,0.2718274361504142,0.1861702127659574,0,1,1,0,0,0,0
6200.0,0.717948717948718,0.4344793486048891,0.1968085106382978,0,1,1,0,0,0,0
6200.0,0.3846153846153846,0.491584009962298,0.5319148936170213,0,1,1,0,0,0,0
6200.0,0.6666666666666666,0.5064725178380531,0.1968085106382978,0,1,0,0,1,0,0
5880.0,0.5897435897435898,0.5190535816887835,0.5691489361702128,0,1,1,0,0,0,0
6290.0,0.6153846153846154,0.3871767460918811,0.3351063829787234,0,1,0,0,1,0,0
6300.0,0.6666666666666666,0.4338567049790888,0.2659574468085106,0,1,1,0,0,0,0
6350.0,0.717948717948718,0.443816713860917,0.1968085106382978,0,1,0,0,1,0,0
5960.0,0.7435897435897436,0.5923057729594114,0.1968085106382978,0,1,0,0,1,0,0
5996.0,0.6153846153846154,0.2308359677415662,0.3351063829787234,0,1,1,0,0,0,0
5996.0,0.6410256410256411,0.1489651983417535,0.101063829787234,0,1,1,0,0,0,0
6399.0,0.6923076923076923,0.3424906202858209,0.101063829787234,0,1,1,0,0,0,0
6400.0,0.7692307692307693,0.3570197345981545,0.101063829787234,0,1,1,0,0,0,0
6400.0,0.717948717948718,0.3849379759961726,0.1968085106382978,0,1,0,0,1,0,0
6400.0,0.7692307692307693,0.497586111384535,0.1968085106382978,0,1,0,0,1,0,0
6400.0,0.6923076923076923,0.5076079268027479,0.4148936170212766,1,0,1,0,0,0,0
5999.0,0.6410256410256411,0.2786948290820356,0.3351063829787234,1,0,1,0,0,0,0
5999.0,0.6923076923076923,0.3964545939425016,0.4148936170212766,0,1,1,0,0,0,0
5999.0,0.6666666666666666,0.3184570341561233,0.3351063829787234,0,1,1,0,0,0,0
6404.0,0.6923076923076923,0.3758959086362044,0.3351063829787234,0,1,0,0,1,0,0
6404.0,0.7435897435897436,0.4176359228745991,0.1968085106382978,0,1,1,0,0,0,0
6490.0,0.7692307692307693,0.5154733808404316,0.2659574468085106,0,1,1,0,0,0,0
6490.0,0.7435897435897436,0.5398022648661889,0.1968085106382978,0,1,0,0,1,0,0
6499.0,0.6923076923076923,0.2162244447140532,0.1968085106382978,0,1,0,0,1,0,0
6499.0,0.7435897435897436,0.4389339974865341,0.1968085106382978,0,1,0,0,1,0,0
6500.0,0.7435897435897436,0.5808601180733758,0.1968085106382978,0,1,0,0,1,0,0
6500.0,0.7435897435897436,0.379416592079149,0.2659574468085106,0,1,1,0,0,0,0
6500.0,0.6923076923076923,0.3679709371931133,0.2659574468085106,0,1,1,0,0,0,0
6500.0,0.7692307692307693,0.4392384519065027,0.1968085106382978,0,1,1,0,0,0,0
6500.0,0.6923076923076923,0.3976838572772618,0.101063829787234,0,1,1,0,0,0,0
6575.0,0.717948717948718,0.3270138057489235,0.3351063829787234,0,1,0,0,1,0,0
6600.0,0.7692307692307693,0.4590875066098657,0.1968085106382978,1,0,0,0,1,0,0
6600.0,0.7435897435897436,0.3954405089195988,0.1223404255319148,1,0,1,0,0,0,0
6600.0,0.6666666666666666,0.3541949469722809,0.1968085106382978,1,0,0,0,1,0,0
6600.0,0.717948717948718,0.3803665814346899,0.1968085106382978,0,1,0,0,1,0,0
6199.0,0.6923076923076923,0.2913560125169682,0.2659574468085106,0,1,1,0,0,0,0
6222.0,0.6666666666666666,0.4478524517737331,0.1861702127659574,0,1,1,0,0,0,0
6690.0,0.7435897435897436,0.6018148230387298,0.1968085106382978,0,1,0,0,1,0,0
6691.0,0.7692307692307693,0.3227560221313182,0.1968085106382978,0,1,0,0,1,0,0
6700.0,0.6923076923076923,0.4251992116232914,0.3351063829787234,0,1,0,0,1,0,0
6700.0,0.717948717948718,0.4095255318223543,0.1968085106382978,0,1,1,0,0,0,0
6703.0,0.717948717948718,0.4476922126053286,0.1968085106382978,0,1,0,0,1,0,0
6360.0,0.6923076923076923,0.3633926752386991,0.101063829787234,0,1,1,0,0,0,0
6790.0,0.717948717948718,0.3258211685097986,0.2659574468085106,0,1,1,0,0,0,0
6790.0,0.7435897435897436,0.447939438750867,0.1968085106382978,0,1,0,0,1,0,0
6799.0,0.6923076923076923,0.3677557588812559,0.101063829787234,0,1,1,0,0,0,0
6800.0,0.7692307692307693,0.2777997788699476,0.1223404255319148,0,1,1,0,0,0,0
6800.0,0.6923076923076923,0.4755600931218481,0.1861702127659574,0,1,0,1,0,0,0
6396.0,0.7692307692307693,0.328323188667886,0.2659574468085106,0,1,1,0,0,0,0
6396.0,0.6410256410256411,0.3748360409937575,0.3351063829787234,0,1,1,0,0,0,0
6831.0,0.6666666666666666,0.3545337383569075,0.3351063829787234,0,1,1,0,0,0,0
6831.0,0.717948717948718,0.3285246321938802,0.1968085106382978,0,1,0,0,1,0,0
6831.0,0.7692307692307693,0.3115118107712769,0.1223404255319148,0,1,1,0,0,0,0
6850.0,0.6923076923076923,0.4729893990344445,0.1968085106382978,1,0,0,0,1,0,0
6890.0,0.6923076923076923,0.4527054094454122,0.1968085106382978,0,1,0,0,1,0,0
6890.0,0.717948717948718,0.5080863551769842,0.1968085106382978,0,1,0,0,1,0,0
6890.0,0.7435897435897436,0.4412231284637413,0.4148936170212766,0,1,1,0,0,0,0
6900.0,0.0,0.5087524922913514,0.0212765957446808,0,1,0,0,1,0,0
6900.0,0.6923076923076923,0.3073890858813268,0.101063829787234,0,1,1,0,0,0,0
6900.0,0.7435897435897436,0.2591845657632993,0.1223404255319148,0,1,1,0,0,0,0
6900.0,0.6923076923076923,0.454957914326984,0.2180851063829787,0,1,0,0,1,0,0
6900.0,0.6923076923076923,0.4606807417700018,0.3351063829787234,1,0,0,0,1,0,0
6900.0,0.7435897435897436,0.3354149164352736,0.2659574468085106,0,1,1,0,0,0,0
6950.0,0.6923076923076923,0.495640350053909,0.2180851063829787,0,1,0,0,1,0,0
6971.0,0.8205128205128205,0.4510663916657319,0.1968085106382978,0,1,1,0,0,0,0
6990.0,0.7435897435897436,0.2426730640247043,0.1968085106382978,0,1,1,0,0,0,0
6999.0,0.717948717948718,0.2582666242414392,0.1968085106382978,0,1,1,0,0,0,0
6999.0,0.6923076923076923,0.5004543924989756,0.2180851063829787,0,1,0,0,1,0,0
7000.0,0.7435897435897436,0.4137283762965065,0.1968085106382978,0,1,1,0,0,0,0
7000.0,0.717948717948718,0.4038713783086526,0.1968085106382978,0,1,0,0,1,0,0
7000.0,0.717948717948718,0.4187919340180887,0.1968085106382978,0,1,0,0,1,0,0
7000.0,0.7692307692307693,0.377118304578033,0.2659574468085106,0,1,1,0,0,0,0
6600.0,0.7692307692307693,0.4801383550762624,0.1968085106382978,0,1,0,0,1,0,0
7044.0,0.7692307692307693,0.3354332294830913,0.1223404255319148,0,1,1,0,0,0,0
7044.0,0.717948717948718,0.1450278930609572,0.2659574468085106,0,1,1,0,0,0,0
7056.0,0.6666666666666666,0.5409376738308835,0.3191489361702128,0,1,0,0,1,0,0
7100.0,0.6923076923076923,0.2718274361504142,0.1861702127659574,0,1,1,0,0,0,0
7199.0,0.6923076923076923,0.4348799465259004,0.1968085106382978,0,1,0,0,1,0,0
7200.0,0.7435897435897436,0.3243309442436368,0.1968085106382978,0,1,1,0,0,0,0
7200.0,0.6923076923076923,0.3839948540335632,0.2659574468085106,0,1,1,0,0,0,0
7200.0,0.6923076923076923,0.4309884238646482,0.2659574468085106,0,1,1,0,0,0,0
7200.0,0.7692307692307693,0.4355003010207235,0.1968085106382978,0,1,0,0,1,0,0
6760.0,0.7692307692307693,0.4778492240990553,0.101063829787234,0,1,1,0,0,0,0
6760.0,0.7692307692307693,0.3105274844510778,0.1223404255319148,0,1,1,0,0,0,0
7250.0,0.6666666666666666,0.2626709122415857,0.3351063829787234,1,0,1,0,0,0,0
6796.0,0.717948717948718,0.3478265845936907,0.4148936170212766,0,1,1,0,0,0,0
6796.0,0.717948717948718,0.4290907342845436,0.2659574468085106,0,1,1,0,0,0,0
7258.0,0.717948717948718,0.3175047556696051,0.101063829787234,0,1,1,0,0,0,0
7290.0,0.7948717948717948,0.5188246685910628,0.1968085106382978,0,1,0,0,1,0,0
7300.0,0.6923076923076923,0.4778492240990553,0.4148936170212766,1,0,1,0,0,0,0
7300.0,0.717948717948718,0.2146930160903016,0.1968085106382978,0,1,0,0,1,0,0
7300.0,0.7435897435897436,0.4523689071917628,0.1223404255319148,0,1,1,0,0,0,0
7300.0,0.717948717948718,0.5344846136061367,0.3351063829787234,0,1,0,0,1,0,0
7300.0,0.7948717948717948,0.5557208816816872,0.1968085106382978,0,1,0,0,1,0,0
7300.0,0.7435897435897436,0.3176764404928957,0.1223404255319148,0,1,1,0,0,0,0
6878.0,0.6923076923076923,0.4272044903593249,0.2659574468085106,0,1,1,0,0,0,0
7386.0,0.7692307692307693,0.3972145854269344,0.1968085106382978,0,1,0,0,1,0,0
6996.0,0.6923076923076923,0.2889638706457867,0.1861702127659574,0,1,1,0,0,0,0
7000.0,0.717948717948718,0.4123800781509316,0.2659574468085106,0,1,1,0,0,0,0
7471.0,0.6923076923076923,0.2604779247654213,0.2659574468085106,0,1,1,0,0,0,0
7471.0,0.7435897435897436,0.3762438565447399,0.1968085106382978,0,1,0,0,1,0,0
7471.0,0.7435897435897436,0.3155269465052981,0.1968085106382978,0,1,1,0,0,0,0
7490.0,0.6666666666666666,0.6028884254670399,0.6861702127659575,1,0,1,0,0,0,0
7490.0,0.6666666666666666,0.1337470556052805,0.1861702127659574,0,1,1,0,0,0,0
7500.0,0.6923076923076923,0.2363207255629545,0.1861702127659574,0,1,1,0,0,0,0
7500.0,0.7948717948717948,0.4359123445966207,0.1968085106382978,0,1,1,0,0,0,0
7500.0,0.7435897435897436,0.2713696099549728,0.1968085106382978,0,1,1,0,0,0,0
7550.0,0.717948717948718,0.5076079268027479,0.3351063829787234,1,0,0,0,1,0,0
7600.0,0.717948717948718,0.3976540985745581,0.2659574468085106,1,0,1,0,0,0,0
7600.0,0.7435897435897436,0.1637896105501468,0.2659574468085106,0,1,1,0,0,0,0
7160.0,0.6923076923076923,0.3473687583982492,0.1968085106382978,0,1,0,0,1,0,0
7196.0,0.717948717948718,0.5167644507115764,0.3351063829787234,0,1,0,0,1,0,0
7196.0,0.6923076923076923,0.3748383301247347,0.2659574468085106,0,1,1,0,0,0,0
7198.0,0.717948717948718,0.353201464128173,0.3351063829787234,0,1,0,0,1,0,0
7685.0,0.6923076923076923,0.1474703958136372,0.101063829787234,0,1,1,0,0,0,0
7685.0,0.717948717948718,0.2036204895535507,0.2659574468085106,0,1,1,0,0,0,0
7700.0,0.717948717948718,0.3126609545218349,0.1968085106382978,0,1,1,0,0,0,0
7705.0,0.8205128205128205,0.2105657129383972,0.1223404255319148,0,1,1,0,0,0,0
7705.0,0.7948717948717948,0.3609455942240647,0.1968085106382978,0,1,0,0,1,0,0
7800.0,0.7948717948717948,0.408030729294238,0.1968085106382978,0,1,0,0,1,0,0
7800.0,0.7435897435897436,0.3751015801871136,0.1968085106382978,1,0,0,0,1,0,0
7800.0,0.7948717948717948,0.4041392066329859,0.1968085106382978,0,1,0,0,1,0,0
7863.0,0.7435897435897436,0.3726293187317299,0.4148936170212766,0,1,1,0,0,0,0
7890.0,0.7435897435897436,0.4480790757404766,0.1968085106382978,0,1,0,0,1,0,0
7898.0,0.7435897435897436,0.3563833561864909,0.1968085106382978,0,1,1,0,0,0,0
7898.0,0.6923076923076923,0.3833378734431047,0.2180851063829787,0,1,0,0,1,0,0
7900.0,0.6923076923076923,0.5499431150952164,0.1968085106382978,0,1,0,0,1,0,0
7990.0,0.6666666666666666,0.6071851243112577,0.5691489361702128,1,0,1,0,0,0,0
7999.0,0.7948717948717948,0.4900663161244097,0.1968085106382978,1,0,1,0,0,0,0
7999.0,0.6923076923076923,0.3679709371931133,0.1968085106382978,0,1,0,0,1,0,0
7560.0,0.6923076923076923,0.3048847765922622,0.2659574468085106,0,1,1,0,0,0,0
8100.0,0.7435897435897436,0.5889705091256207,0.4521276595744681,0,1,0,0,1,0,0
8100.0,0.7435897435897436,0.1461014954892674,0.1968085106382978,0,1,1,0,0,0,0
8100.0,0.8205128205128205,0.4220585239225632,0.2659574468085106,0,1,1,0,0,0,0
8100.0,0.7948717948717948,0.23270160948799,0.1223404255319148,0,1,1,0,0,0,0
8100.0,0.7692307692307693,0.3946416022085535,0.3351063829787234,0,1,0,0,1,0,0
8100.0,0.7692307692307693,0.2376621563155979,0.1968085106382978,0,1,1,0,0,0,0
7596.0,0.6923076923076923,0.361103544261492,0.4148936170212766,1,0,1,0,0,0,0
7596.0,0.7435897435897436,0.3801926074804222,0.1968085106382978,0,1,1,0,0,0,0
7596.0,0.6923076923076923,0.3702600681703205,0.4148936170212766,0,1,1,0,0,0,0
7599.0,0.7692307692307693,0.2799355380716818,0.1968085106382978,0,1,1,0,0,0,0
7600.0,0.7692307692307693,0.3084535317857282,0.1968085106382978,0,1,1,0,0,0,0
7600.0,0.7435897435897436,0.426542931506912,0.4521276595744681,0,1,0,0,1,0,0
8300.0,0.7435897435897436,0.3113126563762599,0.3351063829787234,0,1,0,0,1,0,0
8300.0,0.7948717948717948,0.5210611495557941,0.1968085106382978,0,1,0,0,1,0,0
8300.0,0.6923076923076923,0.4183318186916701,0.2180851063829787,0,1,0,0,1,0,0
8300.0,0.7692307692307693,0.1708355556979903,0.1223404255319148,0,1,1,0,0,0,0
8325.0,0.6923076923076923,0.2646052279173257,0.2659574468085106,0,1,1,0,0,0,0
8325.0,0.6666666666666666,0.16095108813841,0.1861702127659574,0,1,1,0,0,0,0
8400.0,0.8717948717948718,0.5393375712778158,0.2180851063829787,0,1,0,0,1,0,0
7920.0,0.7435897435897436,0.4300956627835375,0.1968085106382978,0,1,0,0,1,0,0
7920.0,0.7435897435897436,0.3844526802290046,0.3351063829787234,0,1,0,0,1,0,0
7920.0,0.6666666666666666,0.4519934897115008,0.5691489361702128,0,1,1,0,0,0,0
8490.0,0.7692307692307693,0.6074140374089785,0.1968085106382978,1,0,0,0,1,0,0
8490.0,0.8205128205128205,0.3359231035122136,0.1968085106382978,0,1,1,0,0,0,0
7960.0,0.717948717948718,0.6518231783667966,0.4521276595744681,0,1,0,0,1,0,0
8496.0,0.7435897435897436,0.3594622373508345,0.1968085106382978,1,0,0,0,1,0,0
8499.0,0.6923076923076923,0.2771176178387399,0.2659574468085106,1,0,1,0,0,0,0
8500.0,0.7948717948717948,0.4039148717972196,0.1968085106382978,0,1,0,0,1,0,0
8500.0,0.7948717948717948,0.1244074012182755,0.1968085106382978,0,1,1,0,0,0,0
8500.0,0.6923076923076923,0.3709307835466421,0.2659574468085106,1,0,1,0,0,0,0
8516.0,0.717948717948718,0.1870838073742065,0.1968085106382978,0,1,1,0,0,0,0
8516.0,0.7435897435897436,0.1890135447879921,0.2659574468085106,0,1,1,0,0,0,0
8516.0,0.8974358974358975,0.2267498689472515,0.2180851063829787,0,1,0,0,1,0,0
7996.0,0.6923076923076923,0.3190957016987641,0.1861702127659574,1,0,1,0,0,0,0
7999.0,0.2564102564102564,0.426343777111895,0.1702127659574468,0,1,1,0,0,0,0
8557.0,0.7435897435897436,0.208574168988227,0.1223404255319148,0,1,1,0,0,0,0
8600.0,0.7435897435897436,0.1536052668325523,0.1968085106382978,1,0,1,0,0,0,0
8600.0,0.7948717948717948,0.2032794090379469,0.3351063829787234,1,0,0,0,1,0,0
8790.0,0.6923076923076923,0.1703205012281187,0.1861702127659574,0,1,1,0,0,0,0
8800.0,0.7948717948717948,0.6129079517542755,0.1968085106382978,0,1,0,0,1,0,0
8320.0,0.7948717948717948,0.3572669607436928,0.1968085106382978,0,1,0,0,1,0,0
8900.0,0.7948717948717948,0.4480905213953626,0.2659574468085106,0,1,1,0,0,0,0
8360.0,0.7435897435897436,0.1960434660189952,0.1223404255319148,0,1,1,0,0,0,0
8923.0,0.717948717948718,0.1764759744258287,0.1968085106382978,0,1,1,0,0,0,0
8396.0,0.7692307692307693,0.4824274860534695,0.3351063829787234,0,1,0,0,1,0,0
8965.0,0.7692307692307693,0.4177984511739808,0.3351063829787234,0,1,0,0,1,0,0
8990.0,0.717948717948718,0.436644866509327,0.2659574468085106,0,1,1,0,0,0,0
8990.0,0.6923076923076923,0.2397796024695145,0.4148936170212766,0,1,1,0,0,0,0
8999.0,0.7435897435897436,0.3960974895100573,0.1968085106382978,0,1,0,0,1,0,0
8999.0,0.8205128205128205,0.342790496443835,0.1223404255319148,0,1,1,0,0,0,0
9000.0,0.7692307692307693,0.2099087323479387,0.1968085106382978,0,1,1,0,0,0,0
9100.0,0.8461538461538461,0.3117040977733623,0.1968085106382978,0,1,1,0,0,0,0
8596.0,0.717948717948718,0.4641144382358125,0.3351063829787234,0,1,0,0,1,0,0
9179.0,0.6923076923076923,0.0426716905461179,0.2659574468085106,0,1,1,0,0,0,0
9199.0,0.2051282051282051,0.2968979986127866,0.1382978723404255,0,1,1,0,0,0,0
9200.0,0.8205128205128205,0.1965699661437528,0.1968085106382978,0,1,1,0,0,0,0
9200.0,0.7435897435897436,0.1733948041305079,0.1968085106382978,0,1,1,0,0,0,0
9305.0,0.7948717948717948,0.3018150519518275,0.1968085106382978,0,1,1,0,0,0,0
9307.0,0.7435897435897436,0.2792098835519072,0.1968085106382978,0,1,0,0,1,0,0
8760.0,0.7692307692307693,0.2580949394181487,0.2659574468085106,0,1,1,0,0,0,0
8760.0,0.8461538461538461,0.6266427376175182,0.2180851063829787,0,1,1,0,0,0,0
8760.0,0.8717948717948718,0.4709818311674339,0.2180851063829787,0,1,0,0,1,0,0
9349.0,0.7948717948717948,0.1389342263996319,0.1968085106382978,0,1,0,0,1,0,0
8796.0,0.7435897435897436,0.3488566935334339,0.1968085106382978,0,1,0,0,1,0,0
9400.0,0.7692307692307693,0.1222098354801566,0.1968085106382978,0,1,1,0,0,0,0
9400.0,0.7948717948717948,0.1895469123056813,0.1223404255319148,0,1,1,0,0,0,0
9400.0,0.7948717948717948,0.6357992615263468,0.1968085106382978,0,1,0,0,1,0,0
9490.0,0.8205128205128205,0.3441639750301593,0.1223404255319148,0,1,1,0,0,0,0
9499.0,0.7948717948717948,0.1656140479389809,0.1968085106382978,0,1,0,0,1,0,0
9499.0,0.8461538461538461,0.5785709870961687,0.2180851063829787,1,0,0,0,1,0,0
9500.0,0.7948717948717948,0.4273075012532992,0.3723404255319149,0,1,0,0,1,0,0
9530.0,0.8205128205128205,0.2992695383051732,0.1968085106382978,0,1,0,0,1,0,0
9600.0,0.8205128205128205,0.4062635201798341,0.1968085106382978,0,1,1,0,0,0,0
9600.0,0.8205128205128205,0.467667169512438,0.1968085106382978,1,0,0,0,1,0,0
9600.0,0.7948717948717948,0.2832730910364498,0.1968085106382978,0,1,0,0,1,0,0
9700.0,0.7948717948717948,0.2999883254320162,0.2659574468085106,0,1,1,0,0,0,0
9700.0,0.8717948717948718,0.6541123093440038,0.3723404255319149,1,0,0,0,1,0,0
9120.0,0.717948717948718,0.5488122843924761,0.4521276595744681,1,0,0,0,1,0,0
9199.0,0.7692307692307693,0.4177984511739808,0.1968085106382978,0,1,0,0,1,0,0
9200.0,0.7692307692307693,0.239321776274073,0.1968085106382978,0,1,1,0,0,0,0
9890.0,0.8205128205128205,0.4412231284637413,0.2180851063829787,0,1,0,0,1,0,0
9900.0,0.7948717948717948,0.2983653315691764,0.3351063829787234,0,1,1,0,0,0,0
9900.0,0.8461538461538461,0.2741165671276213,0.2659574468085106,0,1,1,0,0,0,0
9900.0,0.8461538461538461,0.4111393691612853,0.2180851063829787,0,1,0,0,1,0,0
9990.0,0.7948717948717948,0.2891561576478721,0.1968085106382978,0,1,1,0,0,0,0
9990.0,0.8717948717948718,0.5121861887571622,0.2180851063829787,0,1,0,0,1,0,0
9999.0,0.7692307692307693,0.5811668616243215,0.4521276595744681,1,0,0,0,1,0,0
9999.0,0.7692307692307693,0.3171659642849785,0.3351063829787234,0,1,1,0,0,0,0
9396.0,0.8205128205128205,0.3622366640952095,0.1968085106382978,0,1,1,0,0,0,0
9396.0,0.6923076923076923,0.4652590037244161,0.4521276595744681,0,1,0,0,1,0,0
10100.0,0.7948717948717948,0.2865557048577648,0.1223404255319148,0,1,1,0,0,0,0
10100.0,0.7948717948717948,0.4659777908512591,0.2659574468085106,0,1,1,0,0,0,0
9556.0,0.8205128205128205,0.2472192781454376,0.1968085106382978,0,1,1,0,0,0,0
10199.0,0.8205128205128205,0.3817057230563561,0.1968085106382978,0,1,0,0,1,0,0
10203.0,0.7948717948717948,0.3087099144551753,0.1223404255319148,0,1,1,0,0,0,0
9592.0,0.8205128205128205,0.37563723683578,0.1968085106382978,0,1,0,0,1,0,0
9596.0,0.7948717948717948,0.2145190421360339,0.2659574468085106,0,1,1,0,0,0,0
9596.0,0.7948717948717948,0.3226461438444123,0.1223404255319148,0,1,1,0,0,0,0
9599.0,0.7948717948717948,0.3360856318115953,0.2659574468085106,0,1,1,0,0,0,0
10246.0,0.7692307692307693,0.2751420978054101,0.1223404255319148,0,1,1,0,0,0,0
10290.0,0.7692307692307693,0.3868837373267986,0.2659574468085106,0,1,1,0,0,0,0
10300.0,0.8205128205128205,0.255247260482503,0.1968085106382978,0,1,1,0,0,0,0
10390.0,0.0769230769230769,0.3908622469651846,0.2659574468085106,0,1,1,0,0,0,0
10400.0,0.7948717948717948,0.4244300636149498,0.3723404255319149,0,1,0,0,1,0,0
9760.0,0.7948717948717948,0.3359231035122136,0.2659574468085106,0,1,1,0,0,0,0
10490.0,0.8205128205128205,0.4641144382358125,0.1968085106382978,1,0,0,0,1,0,0
10490.0,0.7692307692307693,0.5465231534152689,0.6117021276595744,1,0,1,0,0,0,0
10490.0,0.7948717948717948,0.2165907056704063,0.1223404255319148,0,1,1,0,0,0,0
10499.0,0.8461538461538461,0.2574997653640748,0.1223404255319148,0,1,1,0,0,0,0
10500.0,0.6923076923076923,0.4801383550762624,0.6117021276595744,1,0,1,0,0,0,0
10500.0,0.8974358974358975,0.4297774735777057,0.2180851063829787,0,1,0,0,1,0,0
10500.0,0.8205128205128205,0.3313448415577994,0.2659574468085106,0,1,1,0,0,0,0
9960.0,0.7948717948717948,0.2203792174376841,0.3351063829787234,1,0,0,0,1,0,0
9960.0,0.7948717948717948,0.2955657243840521,0.2659574468085106,0,1,1,0,0,0,0
9960.0,0.8717948717948718,0.212310030743029,0.2180851063829787,0,1,0,0,1,0,0
9960.0,0.7692307692307693,0.4847166170306766,0.4521276595744681,1,0,0,0,1,0,0
9996.0,0.7948717948717948,0.3954496654435077,0.2180851063829787,0,1,0,0,1,0,0
10690.0,0.7435897435897436,0.4245124723301293,0.3351063829787234,0,1,0,0,1,0,0
10699.0,0.7948717948717948,0.3450796274210421,0.1968085106382978,1,0,1,0,0,0,0
10700.0,0.8461538461538461,0.559630717390757,0.3723404255319149,1,0,0,0,1,0,0
10700.0,0.8205128205128205,0.5116825799421766,0.3723404255319149,0,1,0,0,1,0,0
10700.0,0.8461538461538461,0.2869036527663003,0.2180851063829787,1,0,1,0,0,0,0
10700.0,0.7948717948717948,0.3577453891179291,0.2659574468085106,0,1,1,0,0,0,0
10729.0,0.7948717948717948,0.3244087746968618,0.1968085106382978,1,0,1,0,0,0,0
10886.0,0.7692307692307693,0.3238937202269902,0.3351063829787234,1,0,1,0,0,0,0
10890.0,0.8461538461538461,0.3388302998532667,0.1968085106382978,0,1,1,0,0,0,0
10890.0,0.7435897435897436,0.5641494619397638,0.6117021276595744,0,1,1,0,0,0,0
10900.0,0.7692307692307693,0.2809839600592427,0.1968085106382978,0,1,1,0,0,0,0
10950.0,0.9230769230769232,0.4925088188770897,0.2393617021276596,0,1,0,0,1,0,0
10950.0,0.8205128205128205,0.4961622719167122,0.1968085106382978,0,1,0,0,1,0,0
10990.0,0.9230769230769232,0.1199207045029495,0.1223404255319148,0,1,1,0,0,0,0
10990.0,0.8205128205128205,0.491584009962298,0.3351063829787234,1,0,1,0,0,0,0
10990.0,0.8461538461538461,0.3390958390466227,0.1968085106382978,0,1,1,0,0,0,0
10990.0,0.8205128205128205,0.520495734204424,0.3723404255319149,1,0,0,0,1,0,0
10999.0,0.8205128205128205,0.2145991617202361,0.1968085106382978,1,0,0,0,1,0,0
10999.0,0.7948717948717948,0.2635041559172891,0.2659574468085106,0,1,1,0,0,0,0
11000.0,0.8461538461538461,0.4089692729948929,0.2180851063829787,0,1,0,0,1,0,0
10360.0,0.8205128205128205,0.4510663916657319,0.3723404255319149,0,1,0,0,1,0,0
10396.0,0.7948717948717948,0.248936126378343,0.1968085106382978,1,0,0,0,1,0,0
10396.0,0.7948717948717948,0.2331479900285454,0.1968085106382978,1,0,1,0,0,0,0
10396.0,0.7948717948717948,0.3633926752386991,0.3723404255319149,0,1,0,0,1,0,0
11100.0,0.8205128205128205,0.3313746002605031,0.2180851063829787,0,1,0,0,1,0,0
11100.0,0.7948717948717948,0.40031635790105,0.3723404255319149,1,0,0,0,1,0,0
11200.0,0.7435897435897436,0.4274883426004985,0.4521276595744681,1,0,0,0,1,0,0
11200.0,0.8461538461538461,0.2939244174733946,0.2765957446808511,0,1,1,0,0,0,0
11228.0,0.8205128205128205,0.2911751711697688,0.1968085106382978,0,1,0,0,1,0,0
11300.0,0.7948717948717948,0.3983065009030622,0.2659574468085106,1,0,1,0,0,0,0
11300.0,0.8717948717948718,0.3533845946063496,0.2180851063829787,0,1,1,0,0,0,0
10756.0,0.8717948717948718,0.3564794996875336,0.1223404255319148,0,1,1,0,0,0,0
10760.0,0.7948717948717948,0.3624449750141353,0.2659574468085106,0,1,1,0,0,0,0
11490.0,0.8461538461538461,0.1543263430903726,0.1968085106382978,1,0,1,0,0,0,0
11490.0,0.6923076923076923,0.6140525172428791,0.7712765957446809,0,1,1,0,0,0,0
11500.0,0.8974358974358975,0.3684859916629849,0.2393617021276596,1,0,0,0,1,0,0
11500.0,0.8205128205128205,0.5579688083013046,0.2659574468085106,0,1,1,0,0,0,0
11500.0,0.8974358974358975,0.3702600681703205,0.2180851063829787,0,1,1,0,0,0,0
11500.0,0.8461538461538461,0.2185341778700552,0.2180851063829787,0,1,0,0,1,0,0
11517.0,0.8717948717948718,0.1894049861850945,0.2180851063829787,0,1,1,0,0,0,0
11527.0,0.7948717948717948,0.2346633947354565,0.3351063829787234,0,1,1,0,0,0,0
11600.0,0.8974358974358975,0.2454383342451705,0.2180851063829787,0,1,1,0,0,0,0
10996.0,0.8717948717948718,0.1477130436972212,0.1223404255319148,0,1,1,0,0,0,0
11770.0,0.8461538461538461,0.1167502580995176,0.1968085106382978,0,1,0,0,1,0,0
11850.0,0.7948717948717948,0.3313448415577994,0.1968085106382978,1,0,0,0,1,0,0
11899.0,0.8974358974358975,0.2914017951365123,0.2765957446808511,0,1,0,1,0,0,0
11900.0,0.8461538461538461,0.3190865451748553,0.3723404255319149,0,1,1,0,0,0,0
11900.0,0.8717948717948718,0.2718274361504142,0.2180851063829787,1,0,0,0,1,0,0
11911.0,0.8205128205128205,0.2531939099959482,0.1968085106382978,0,1,0,0,1,0,0
11196.0,0.8205128205128205,0.247599273887654,0.2180851063829787,0,1,0,0,1,0,0
11990.0,0.717948717948718,0.4660075495539628,0.6117021276595744,1,0,1,0,0,0,0
11990.0,0.8461538461538461,0.3431292878284617,0.2180851063829787,1,0,0,0,1,0,0
11999.0,0.7948717948717948,0.4208658866834384,0.3723404255319149,1,0,0,0,1,0,0
11999.0,0.8974358974358975,0.3198991866717638,0.1382978723404255,0,1,0,0,1,0,0
12000.0,0.8461538461538461,0.3447637273461875,0.2180851063829787,0,1,0,0,1,0,0
12167.0,0.7948717948717948,0.3552822841864543,0.2659574468085106,0,1,1,0,0,0,0
12200.0,0.8461538461538461,0.4000187708740131,0.2180851063829787,1,0,0,0,1,0,0
11560.0,0.7948717948717948,0.2397796024695145,0.2659574468085106,0,1,1,0,0,0,0
11596.0,0.717948717948718,0.3817057230563561,0.6117021276595744,0,1,1,0,0,0,0
11596.0,0.8205128205128205,0.3284834278362905,0.2180851063829787,0,1,0,0,1,0,0
12399.0,0.9230769230769232,0.4023079018512202,0.2393617021276596,1,0,0,0,1,0,0
12400.0,0.8461538461538461,0.2913834820886947,0.3723404255319149,0,1,1,0,0,0,0
12400.0,0.8461538461538461,0.2796928901880979,0.1968085106382978,0,1,1,0,0,0,0
12400.0,0.8461538461538461,0.4013647798886109,0.3723404255319149,1,0,0,0,1,0,0
12490.0,0.8461538461538461,0.2595508267196524,0.2765957446808511,0,1,1,0,0,0,0
12490.0,0.9230769230769232,0.4851744432261181,0.2393617021276596,1,0,0,0,1,0,0
12499.0,0.7948717948717948,0.4567892191087497,0.1968085106382978,0,1,0,0,1,0,0
12499.0,0.7948717948717948,0.2269352885564053,0.3351063829787234,0,1,1,0,0,0,0
12499.0,0.7435897435897436,0.5030296648483337,0.7074468085106383,1,0,1,0,0,0,0
12500.0,0.8717948717948718,0.436644866509327,0.3723404255319149,1,0,0,0,1,0,0
12509.0,0.7948717948717948,0.2716443056722376,0.3351063829787234,0,1,1,0,0,0,0
12594.0,0.7948717948717948,0.2319965571470102,0.3351063829787234,0,1,1,0,0,0,0
12600.0,0.282051282051282,0.193996982925372,0.4680851063829787,0,1,1,0,0,0,0
12600.0,0.8974358974358975,0.2100598149924344,0.2180851063829787,0,1,1,0,0,0,0
12690.0,0.8717948717948718,0.2246141097455173,0.2180851063829787,0,1,1,0,0,0,0
12699.0,0.8461538461538461,0.1186136107149642,0.1968085106382978,0,1,0,0,1,0,0
11960.0,0.8205128205128205,0.1619491492444723,0.1223404255319148,0,1,1,0,0,0,0
12790.0,0.8461538461538461,0.4084885554896794,0.2765957446808511,1,0,1,0,0,0,0
12800.0,0.8461538461538461,0.3525009900491476,0.3723404255319149,0,1,0,0,1,0,0
12800.0,0.7948717948717948,0.2218648634418915,0.3351063829787234,0,1,1,0,0,0,0
11996.0,0.8205128205128205,0.2071938230089711,0.2180851063829787,0,1,1,0,0,0,0
11996.0,0.8205128205128205,0.1811458016193312,0.1223404255319148,0,1,1,0,0,0,0
11998.0,0.717948717948718,0.3477212845687392,0.6117021276595744,1,0,1,0,0,0,0
12850.0,0.8974358974358975,0.1319340638713325,0.2180851063829787,0,1,1,0,0,0,0
12900.0,0.8205128205128205,0.4297774735777057,0.3723404255319149,1,0,0,0,1,0,0
12990.0,0.8974358974358975,0.3954405089195988,0.2180851063829787,1,0,0,0,1,0,0
12990.0,0.7948717948717948,0.1117553743072517,0.1223404255319148,0,1,1,0,0,0,0
12990.0,0.8461538461538461,0.3115209672951857,0.3723404255319149,0,1,0,0,1,0,0
12999.0,0.7948717948717948,0.0864307183064093,0.2659574468085106,1,0,1,0,0,0,0
12999.0,0.9487179487179488,0.2466469954011358,0.2393617021276596,0,1,0,0,1,0,0
12999.0,0.8717948717948718,0.3061644008085211,0.2180851063829787,0,1,1,0,0,0,0
13000.0,0.8205128205128205,0.1804064123136933,0.2180851063829787,0,1,0,0,1,0,0
13023.0,0.7948717948717948,0.28704328975591,0.2659574468085106,0,1,1,0,0,0,0
13199.0,0.8717948717948718,0.3667142042866266,0.2180851063829787,0,1,0,0,1,0,0
13200.0,0.8974358974358975,0.3766581892516144,0.2393617021276596,0,1,0,0,1,0,0
12396.0,0.8205128205128205,0.2281050344857581,0.2180851063829787,0,1,0,0,1,0,0
13490.0,0.8717948717948718,0.3983316813438115,0.3723404255319149,0,1,0,0,1,0,0
13490.0,0.8717948717948718,0.3082337752119163,0.3723404255319149,0,1,1,0,0,0,0
13499.0,0.8205128205128205,0.2367922865442592,0.3723404255319149,1,0,0,0,1,0,0
13499.0,0.9230769230769232,0.3203089411166839,0.2393617021276596,0,1,0,0,1,0,0
13600.0,0.8205128205128205,0.2428287249311544,0.3723404255319149,0,1,1,0,0,0,0
13600.0,0.7692307692307693,0.4427019070750171,0.6117021276595744,0,1,1,0,0,0,0
12760.0,0.8205128205128205,0.3138513026299825,0.3723404255319149,0,1,0,0,1,0,0
12796.0,0.8205128205128205,0.3399153479364629,0.2180851063829787,0,1,0,0,1,0,0
13700.0,0.8974358974358975,0.2391272001410104,0.2180851063829787,1,0,1,0,0,0,0
13719.0,0.8205128205128205,0.1755099611534473,0.3723404255319149,0,1,0,0,1,0,0
13800.0,0.8461538461538461,0.46214120733346,0.5053191489361702,0,1,0,0,1,0,0
13900.0,0.8717948717948718,0.1671202961219832,0.2765957446808511,1,0,1,0,0,0,0
13900.0,0.8461538461538461,0.2706141967324944,0.2180851063829787,0,1,1,0,0,0,0
13950.0,0.9230769230769232,0.3493694588723283,0.3723404255319149,1,0,1,0,0,0,0
13990.0,0.9230769230769232,0.0126703399588414,0.1223404255319148,0,1,1,0,0,0,0
13990.0,0.8461538461538461,0.1711331427250273,0.1968085106382978,0,1,0,0,1,0,0
13990.0,0.8974358974358975,0.4178854381511147,0.2393617021276596,0,1,0,0,1,0,0
13990.0,0.8717948717948718,0.2107419760236421,0.2765957446808511,0,1,1,0,0,0,0
13990.0,0.8717948717948718,0.2100208997658219,0.2180851063829787,0,1,0,0,1,0,0
13999.0,0.8974358974358975,0.345619862331663,0.3723404255319149,0,1,0,0,1,0,0
14000.0,0.8461538461538461,0.3542361513298706,0.3723404255319149,1,0,1,0,0,0,0
14000.0,0.8461538461538461,0.1779730660849222,0.1968085106382978,0,1,1,0,0,0,0
13160.0,0.8205128205128205,0.2031535068342005,0.3723404255319149,0,1,0,0,1,0,0
13198.0,0.717948717948718,0.5579710974322818,0.6117021276595744,1,0,1,0,0,0,0
14088.0,0.7948717948717948,0.1131723463821429,0.3351063829787234,0,1,1,0,0,0,0
14250.0,0.8974358974358975,0.1258449754719615,0.2180851063829787,0,1,1,0,0,0,0
14290.0,0.8974358974358975,0.4160426877144629,0.2393617021276596,0,1,0,0,1,0,0
14300.0,0.8461538461538461,0.0667716614741545,0.1223404255319148,0,1,1,0,0,0,0
14300.0,0.8974358974358975,0.1697779771865206,0.1223404255319148,0,1,1,0,0,0,0
14490.0,0.8717948717948718,0.116489297168116,0.2180851063829787,0,1,0,0,1,0,0
14490.0,0.7435897435897436,0.426343777111895,0.8457446808510638,0,1,1,0,0,0,0
14498.0,0.8717948717948718,0.2280981670928265,0.2393617021276596,1,0,1,0,0,0,0
14500.0,0.8974358974358975,0.2397796024695145,0.2765957446808511,0,1,1,0,0,0,0
14500.0,0.8205128205128205,0.283607304159122,0.3723404255319149,1,0,0,0,1,0,0
14500.0,0.8974358974358975,0.1099538282281897,0.2180851063829787,0,1,1,0,0,0,0
13600.0,0.8205128205128205,0.2191774236746504,0.2765957446808511,1,0,1,0,0,0,0
14690.0,0.9230769230769232,0.3656818062159062,0.2393617021276596,0,1,0,0,1,0,0
14690.0,0.8205128205128205,0.2576874741042058,0.3723404255319149,1,0,0,0,1,0,0
14690.0,0.8461538461538461,0.1779730660849222,0.1968085106382978,0,1,1,0,0,0,0
14700.0,0.8461538461538461,0.1659757306333796,0.2180851063829787,0,1,1,0,0,0,0
14700.0,0.9487179487179488,0.1391516938424666,0.1223404255319148,0,1,1,0,0,0,0
14728.0,0.8974358974358975,0.1034893223485568,0.2765957446808511,0,1,1,0,0,0,0
14761.0,0.9230769230769232,0.1420337097427703,0.2180851063829787,0,1,1,0,0,0,0
14790.0,0.6666666666666666,0.5546610140392403,0.7659574468085106,1,0,1,0,0,0,0
14790.0,0.8461538461538461,0.3157787509127909,0.3723404255319149,1,0,0,0,1,0,0
14900.0,0.7948717948717948,0.3565252823070777,0.3351063829787234,1,0,1,0,0,0,0
14900.0,0.8974358974358975,0.2161649273086458,0.2180851063829787,0,1,1,0,0,0,0
14900.0,0.9487179487179488,0.1206028655341572,0.2393617021276596,0,1,1,0,0,0,0
13996.0,0.8717948717948718,0.397729639896806,0.2180851063829787,0,1,0,0,1,0,0
14990.0,0.8974358974358975,0.212310030743029,0.2393617021276596,1,0,0,0,1,0,0
14990.0,0.8974358974358975,0.2359338624278065,0.2765957446808511,1,0,1,0,0,0,0
14999.0,0.8974358974358975,0.164741889036665,0.2393617021276596,0,1,0,0,1,0,0
15000.0,0.6666666666666666,0.6014622968682399,0.7659574468085106,1,0,1,0,0,0,0
15000.0,0.7692307692307693,0.473270962144641,0.4521276595744681,1,0,0,0,1,0,0
14396.0,0.8974358974358975,0.1634370843796569,0.2180851063829787,0,1,1,0,0,0,0
15400.0,0.8205128205128205,0.1135798116960858,0.3723404255319149,0,1,1,0,0,0,0
15400.0,0.8974358974358975,0.1064560360950172,0.2180851063829787,0,1,1,0,0,0,0
15490.0,0.8974358974358975,0.4181280860346986,0.3723404255319149,1,0,0,0,1,0,0
15499.0,0.9230769230769232,0.1004379107559397,0.2393617021276596,0,1,0,0,1,0,0
15500.0,0.8974358974358975,0.1924335064679395,0.2393617021276596,1,0,0,0,0,1,0
15600.0,0.9230769230769232,0.1351960755138526,0.2765957446808511,0,1,1,0,0,0,0
15600.0,0.8205128205128205,0.1957458789919582,0.2659574468085106,1,0,1,0,0,0,0
15699.0,0.8461538461538461,0.1051878575336445,0.648936170212766,0,1,1,0,0,0,0
15700.0,0.8974358974358975,0.2073334599985807,0.2393617021276596,1,0,0,0,1,0,0
14796.0,0.8974358974358975,0.3605541528269623,0.3723404255319149,0,1,1,0,0,0,0
15860.0,0.9487179487179488,0.2338278619287759,0.2393617021276596,1,0,0,0,1,0,0
15900.0,0.8717948717948718,0.212310030743029,0.2765957446808511,1,0,1,0,0,0,0
15999.0,0.9230769230769232,0.3425386920363422,0.2393617021276596,0,1,0,0,1,0,0
15999.0,0.8717948717948718,0.112046093941357,0.2180851063829787,0,1,0,0,1,0,0
16000.0,0.9230769230769232,0.2947187459224854,0.3723404255319149,1,0,0,0,1,0,0
16000.0,0.8974358974358975,0.1606489228494186,0.3723404255319149,0,1,1,0,0,0,0
16100.0,0.7948717948717948,0.2148578335206605,0.6861702127659575,1,0,1,0,0,0,0
16200.0,0.8974358974358975,0.2682541026949939,0.3723404255319149,1,0,0,0,1,0,0
15196.0,0.8461538461538461,0.2365748191014245,0.2765957446808511,0,1,1,0,0,0,0
16300.0,0.9487179487179488,0.2179527386018445,0.2393617021276596,1,0,0,0,1,0,0
16300.0,0.9487179487179488,0.2179527386018445,0.2393617021276596,1,0,0,0,1,0,0
16390.0,1.0,0.0413806206749731,0.1382978723404255,0,1,1,0,0,0,0
16600.0,0.9230769230769232,0.1824414497524304,0.2978723404255319,1,0,1,0,0,0,0
16700.0,0.9230769230769232,0.3325145874871522,0.3723404255319149,1,0,0,0,1,0,0
16914.0,0.7435897435897436,0.3725491991475276,0.8457446808510638,0,1,1,0,0,0,0
16999.0,0.9487179487179488,0.3761889174012869,0.2393617021276596,1,0,0,0,1,0,0
17000.0,0.3333333333333333,0.509897057779955,0.5319148936170213,0,1,1,0,0,0,0
17000.0,0.8461538461538461,0.1688165421760936,0.2180851063829787,0,1,0,0,1,0,0
15960.0,0.8461538461538461,0.1257854580665542,0.2765957446808511,0,1,1,0,0,0,0
17100.0,0.8974358974358975,0.0689532032954329,0.2765957446808511,1,0,1,0,0,0,0
17300.0,0.9487179487179488,0.2818996124501255,0.2393617021276596,0,1,0,0,1,0,0
17500.0,0.8974358974358975,0.2484027588606537,0.3723404255319149,1,0,1,0,0,0,0
17500.0,0.9230769230769232,0.3336339725350065,0.2393617021276596,1,0,0,0,1,0,0
17500.0,0.9487179487179488,0.210133067183705,0.3723404255319149,0,1,0,0,1,0,0
17555.0,0.9230769230769232,0.3360947883355042,0.2393617021276596,1,0,0,0,1,0,0
17690.0,0.7692307692307693,0.3281743951543675,0.8457446808510638,1,0,1,0,0,0,0
17800.0,0.9230769230769232,0.15672993061644,0.3723404255319149,0,1,0,0,1,0,0
16799.0,0.8717948717948718,0.2142260333709514,0.3723404255319149,0,1,0,0,1,0,0
17990.0,0.9487179487179488,0.0949852007682323,0.2393617021276596,1,0,1,0,0,0,0
18000.0,0.8717948717948718,0.3347785380236101,0.5053191489361702,1,0,0,0,1,0,0
18400.0,0.9487179487179488,0.2257312056623943,0.2393617021276596,1,0,0,0,1,0,0
17304.0,0.8717948717948718,0.0209386810485135,0.2180851063829787,1,0,1,0,0,0,0
18500.0,0.9230769230769232,0.1992551167800168,0.2765957446808511,1,0,1,0,0,0,0
18500.0,0.9487179487179488,0.0707043884929964,0.2393617021276596,1,0,1,0,0,0,0
19038.0,0.8205128205128205,0.1442747689694561,0.2393617021276596,1,0,0,0,0,1,0
17960.0,0.9230769230769232,0.0408632770741243,0.2393617021276596,0,1,1,0,0,0,0
19200.0,0.9487179487179488,0.1386892893850707,0.2978723404255319,0,1,1,0,0,0,0
19378.0,0.9487179487179488,0.0566491242929446,0.2393617021276596,0,1,1,0,0,0,0
19490.0,0.8974358974358975,0.3304749717864607,0.5053191489361702,0,1,0,0,1,0,0
19499.0,0.8717948717948718,0.2175750319906054,0.5053191489361702,1,0,0,0,1,0,0
19500.0,0.8205128205128205,0.4045970328284273,0.9627659574468084,1,0,1,0,0,0,0
19690.0,0.9743589743589745,0.0647618044761667,0.2978723404255319,1,0,0,1,0,0,0
19900.0,0.9487179487179488,0.2795646988533743,0.2978723404255319,1,0,1,0,0,0,0
19990.0,0.9230769230769232,0.1574967894938044,0.2978723404255319,1,0,1,0,0,0,0
19990.0,0.9487179487179488,0.0865177052835432,0.2978723404255319,0,1,1,0,0,0,0
19999.0,0.9487179487179488,0.070523547145797,0.2393617021276596,1,0,1,0,0,0,0
20000.0,0.9230769230769232,0.1422420206616962,0.3191489361702128,1,0,0,0,0,1,0
20590.0,0.9230769230769232,0.0736985718111833,0.2765957446808511,0,1,1,0,0,0,0
20800.0,0.8461538461538461,0.1702655620846658,0.2393617021276596,1,0,0,0,0,1,0
20990.0,0.9487179487179488,0.0488660789704404,0.2978723404255319,0,1,1,0,0,0,0
21500.0,0.9230769230769232,0.3675337131764668,0.5053191489361702,1,0,0,0,1,0,0
21990.0,0.8205128205128205,0.3599589787728884,0.9627659574468084,1,0,1,0,0,0,0
21990.0,1.0,0.0555045588043411,0.2978723404255319,0,1,0,1,0,0,0
21999.0,0.9743589743589745,0.1491300157721124,0.3723404255319149,1,0,0,0,1,0,0
22000.0,0.5641025641025641,0.3771274611019419,0.7287234042553191,1,0,1,0,0,0,0
22600.0,0.9230769230769232,0.1754115285214274,0.3723404255319149,1,0,1,0,0,0,0
22900.0,1.0,0.1791176315735257,0.3723404255319149,1,0,1,0,0,0,0
22900.0,0.9487179487179488,0.0490308964007993,0.3723404255319149,1,0,1,0,0,0,0
22900.0,0.9230769230769232,0.1943334851790215,0.3723404255319149,1,0,1,0,0,0,0
22990.0,1.0,0.0382994503796523,0.2978723404255319,0,1,1,0,0,0,0
22999.0,0.8717948717948718,0.1779730660849222,0.9627659574468084,0,1,1,0,0,0,0
23600.0,0.9230769230769232,0.2100208997658219,0.5053191489361702,1,0,0,0,1,0,0
23990.0,0.9487179487179488,0.1550817563128509,0.7446808510638298,1,0,1,0,0,0,0
23990.0,1.0,0.0187640066201667,0.2978723404255319,1,0,0,0,0,0,1
23990.0,0.9743589743589745,0.1207447916547441,0.3723404255319149,1,0,0,0,1,0,0
23999.0,0.8974358974358975,0.0514825556773881,0.6861702127659575,0,1,1,0,0,0,0
24333.0,0.8461538461538461,0.2434032968064333,0.9627659574468084,0,1,1,0,0,0,0
24490.0,0.9487179487179488,0.0520708623385304,0.7446808510638298,1,0,1,0,0,0,0
24700.0,0.9230769230769232,0.2250467555002094,0.7446808510638298,1,0,1,0,0,0,0
24900.0,0.9487179487179488,0.0937193113378368,0.3191489361702128,1,0,0,0,0,1,0
24990.0,0.9743589743589745,0.0757084288091711,0.3723404255319149,0,1,1,0,0,0,0
24990.0,0.9743589743589745,0.1299013155635726,0.3723404255319149,0,1,1,0,0,0,0
24990.0,0.9743589743589745,0.0410830336479362,0.2393617021276596,0,1,0,0,1,0,0
25490.0,0.8205128205128205,0.2661046087073964,0.9627659574468084,0,1,1,0,0,0,0
25490.0,1.0,0.0909860889510515,0.3723404255319149,1,0,0,0,1,0,0
25999.0,0.9743589743589745,0.0534901235443988,0.3723404255319149,1,0,0,0,0,0,1
26500.0,1.0,0.0566491242929446,0.2978723404255319,1,0,1,0,0,0,0
26895.0,0.9487179487179488,0.0926846241361392,0.3191489361702128,1,0,0,0,0,1,0
26990.0,0.9743589743589745,0.0566491242929446,0.7446808510638298,1,0,1,0,0,0,0
27400.0,0.5128205128205128,0.4526687833497769,0.7287234042553191,0,1,1,0,0,0,0
27520.0,0.5128205128205128,0.4526687833497769,0.7287234042553191,0,1,1,0,0,0,0
29290.0,0.9487179487179488,0.1459252324040224,0.9202127659574468,1,0,1,0,0,0,0
29500.0,0.8974358974358975,0.1482143633812296,0.6861702127659575,1,0,1,0,0,0,0
29900.0,0.9743589743589745,0.0246012906120449,0.3723404255319149,1,0,1,0,0,0,0
34500.0,0.8974358974358975,0.2764263002836233,1.0,1,0,1,0,0,0,0
36200.0,1.0,0.0376241567413762,0.7446808510638298,1,0,0,0,0,0,1
37990.0,1.0,0.0663825092080293,0.7446808510638298,1,0,1,0,0,0,0
39900.0,0.8974358974358975,0.1092991367687084,1.0,1,0,1,0,0,0,0
